{"stats":{"minecraft:used":{"minecraft:glass":214,"minecraft:sea_lantern":28,"minecraft:lever":2,"minecraft:jungle_leaves":26,"minecraft:end_rod":1,"minecraft:warped_fungus_on_a_stick":56,"minecraft:acacia_sign":4,"minecraft:command_block":44,"minecraft:grass_block":2,"minecraft:birch_leaves":1,"minecraft:carrot_on_a_stick":35,"minecraft:redstone":1,"minecraft:dark_oak_sign":6,"minecraft:oak_button":11,"minecraft:iron_pickaxe":1,"minecraft:oak_sign":23,"minecraft:polished_granite":22,"minecraft:stone":1,"minecraft:smooth_quartz":1350,"minecraft:warped_sign":2,"minecraft:crimson_sign":24,"minecraft:oak_leaves":6,"minecraft:spruce_leaves":1,"minecraft:chain_command_block":30,"minecraft:white_bed":3,"minecraft:repeating_command_block":7,"minecraft:polished_blackstone_button":1},"minecraft:custom":{"minecraft:time_since_rest":22781,"minecraft:sprint_one_cm":66114,"minecraft:damage_taken":20,"minecraft:walk_one_cm":199337,"minecraft:drop":1,"minecraft:fly_one_cm":82983,"minecraft:play_one_minute":115073,"minecraft:crouch_one_cm":14705,"minecraft:deaths":21,"minecraft:sneak_time":5672,"minecraft:walk_under_water_one_cm":119,"minecraft:jump":418,"minecraft:leave_game":17,"minecraft:time_since_death":22759,"minecraft:walk_on_water_one_cm":1158},"minecraft:mined":{"minecraft:smooth_quartz":1},"minecraft:picked_up":{"minecraft:stone":2,"minecraft:white_bed":1,"minecraft:redstone":1,"minecraft:oak_sign":1,"minecraft:wheat_seeds":10,"minecraft:oak_button":1,"minecraft:smooth_quartz":2},"minecraft:dropped":{"minecraft:smooth_quartz":1}},"DataVersion":2567}